<?xml version="1.0" encoding="UTF-8"?>
<rss version="2.0" xmlns:ror="http://rorweb.com/0.1/" >
<channel>
  <title>ROR Sitemap for https://freeebooks.online/</title>
  <link>https://freeebooks.online/</link>

<item>
     <link>https://freeebooks.online/</link>
     <title>Free Weight Loss eBooks Download | Premium Diet Books</title>
     <description>Download premium weight-loss eBooks including The Ozempic Revolution for free. Start losing weight and living healthier today with our curated collection.</description>
     <ror:updatePeriod></ror:updatePeriod>
     <ror:sortOrder>0</ror:sortOrder>
     <ror:resourceOf>sitemap</ror:resourceOf>
</item>
<item>
     <link>https://freeebooks.online/all-books/</link>
     <title>All eBooks Collection | Free Weight Loss Books Download</title>
     <description>Download all our free weight loss eBooks in one place. Complete collection including The Ozempic Revolution, diet plans, and health books.</description>
     <ror:updatePeriod></ror:updatePeriod>
     <ror:sortOrder>1</ror:sortOrder>
     <ror:resourceOf>sitemap</ror:resourceOf>
</item>
<item>
     <link>https://freeebooks.online/contact/</link>
     <title>Contact Us | FreeEbooks</title>
     <description>Contact FreeEbooks team for support, questions, or feedback about our free eBook collection.</description>
     <ror:updatePeriod></ror:updatePeriod>
     <ror:sortOrder>1</ror:sortOrder>
     <ror:resourceOf>sitemap</ror:resourceOf>
</item>
<item>
     <link>https://freeebooks.online/donate/</link>
     <title>Support FreeEbooks - Donate</title>
     <description>Support FreeEbooks and help us keep providing free premium eBooks.</description>
     <ror:updatePeriod></ror:updatePeriod>
     <ror:sortOrder>1</ror:sortOrder>
     <ror:resourceOf>sitemap</ror:resourceOf>
</item>
<item>
     <link>https://freeebooks.online/weightless-book-pdf/</link>
     <title>Weightless Book PDF Free Download - Joy Manning</title>
     <description>Download Weightless Book PDF free - Joy Manning's weight loss memoir. Inspiring journey to health and body acceptance. Free ebook download.</description>
     <ror:updatePeriod></ror:updatePeriod>
     <ror:sortOrder>1</ror:sortOrder>
     <ror:resourceOf>sitemap</ror:resourceOf>
</item>
<item>
     <link>https://freeebooks.online/glucose-revolution-book/</link>
     <title>Glucose Revolution Book PDF Free Download - Jessie Inchauspe</title>
     <description>Download Glucose Revolution Book PDF free - Jessie Inchauspe's glucose control guide. Manage blood sugar for health, energy, and weight loss.</description>
     <ror:updatePeriod></ror:updatePeriod>
     <ror:sortOrder>1</ror:sortOrder>
     <ror:resourceOf>sitemap</ror:resourceOf>
</item>
<item>
     <link>https://freeebooks.online/fast-like-a-girl-pdf/</link>
     <title>Fast Like a Girl PDF Free Download - Mindy Pelz Book</title>
     <description>Download Fast Like a Girl PDF free - Mindy Pelz's women's fasting book. Female fasting guide for hormonal balance and weight loss. Free download.</description>
     <ror:updatePeriod></ror:updatePeriod>
     <ror:sortOrder>1</ror:sortOrder>
     <ror:resourceOf>sitemap</ror:resourceOf>
</item>
<item>
     <link>https://freeebooks.online/the-new-menopause-book-pdf-free-download/</link>
     <title>The New Menopause Book PDF Free Download - Mary Claire</title>
     <description>Download The New Menopause Book PDF free - Mary Claire Haver's menopause guide. Navigate menopause with science-based strategies for health.</description>
     <ror:updatePeriod></ror:updatePeriod>
     <ror:sortOrder>1</ror:sortOrder>
     <ror:resourceOf>sitemap</ror:resourceOf>
</item>
<item>
     <link>https://freeebooks.online/the-hunger-code-pdf/</link>
     <title>The Hunger Code PDF Free Download - Dr. Jason Fung</title>
     <description>Download The Hunger Code PDF free - understand hunger hormones and weight regulation. Science-based strategies for appetite control and weight loss.</description>
     <ror:updatePeriod></ror:updatePeriod>
     <ror:sortOrder>1</ror:sortOrder>
     <ror:resourceOf>sitemap</ror:resourceOf>
</item>
<item>
     <link>https://freeebooks.online/bite-me-book/</link>
     <title>Bite Me Book PDF Free Download - Will Tennyson's Fitness Cookbook</title>
     <description>Download Bite Me Book PDF free - Will Tennyson's low-calorie high-protein cookbook. 100+ recipes for weight loss and muscle gain. 256 pages free download.</description>
     <ror:updatePeriod></ror:updatePeriod>
     <ror:sortOrder>1</ror:sortOrder>
     <ror:resourceOf>sitemap</ror:resourceOf>
</item>
<item>
     <link>https://freeebooks.online/the-4-hour-body-pdf/</link>
     <title>The 4-Hour Body PDF Free Download - Tim Ferriss</title>
     <description>Download The 4-Hour Body PDF free - Tim Ferriss's body optimization guide. Rapid fat loss, muscle gain, and peak performance strategies.</description>
     <ror:updatePeriod></ror:updatePeriod>
     <ror:sortOrder>1</ror:sortOrder>
     <ror:resourceOf>sitemap</ror:resourceOf>
</item>
<item>
     <link>https://freeebooks.online/the-whole-30-book-pdf/</link>
     <title>The Whole 30 PDF Free Download - Melissa Hartwig</title>
     <description>Download The Whole 30 PDF free - Melissa Hartwig's 30-day reset. Eliminate inflammatory foods, discover food sensitivities, and transform health.</description>
     <ror:updatePeriod></ror:updatePeriod>
     <ror:sortOrder>1</ror:sortOrder>
     <ror:resourceOf>sitemap</ror:resourceOf>
</item>
<item>
     <link>https://freeebooks.online/the-ozempic-revolution-book/</link>
     <title>The Ozempic Revolution Book PDF Free Download</title>
     <description>Download The Ozempic Revolution Book PDF free - complete guide to weight loss medications. Understand GLP-1 agonists for obesity treatment.</description>
     <ror:updatePeriod></ror:updatePeriod>
     <ror:sortOrder>1</ror:sortOrder>
     <ror:resourceOf>sitemap</ror:resourceOf>
</item>
<item>
     <link>https://freeebooks.online/the-menopause-reset-book/</link>
     <title>The Menopause Reset Book PDF Free Download - Dr. Mindy</title>
     <description>Download The Menopause Reset Book PDF free - Dr. Mindy Pelz's menopause guide. Balance hormones, lose weight, and thrive during menopause.</description>
     <ror:updatePeriod></ror:updatePeriod>
     <ror:sortOrder>1</ror:sortOrder>
     <ror:resourceOf>sitemap</ror:resourceOf>
</item>
<item>
     <link>https://freeebooks.online/the-biblio-diet-pdf/</link>
     <title>The Biblio Diet PDF Free Download - Weight Loss Guide</title>
     <description>Download The Biblio Diet PDF free - biblical healing secrets for weight loss and health. Get this 288-page guide with ancient wisdom for modern health.</description>
     <ror:updatePeriod></ror:updatePeriod>
     <ror:sortOrder>1</ror:sortOrder>
     <ror:resourceOf>sitemap</ror:resourceOf>
</item>
<item>
     <link>https://freeebooks.online/the-glucose-goddess-method-pdf/</link>
     <title>The Glucose Goddess Method PDF Free Download - Book</title>
     <description>Download The Glucose Goddess Method PDF free - Jessie Inchauspe's glucose control book. Blood sugar guide for health and energy. Free ebook download.</description>
     <ror:updatePeriod></ror:updatePeriod>
     <ror:sortOrder>1</ror:sortOrder>
     <ror:resourceOf>sitemap</ror:resourceOf>
</item>
<item>
     <link>https://freeebooks.online/meal-prep-weight-loss-recipes-pdf/</link>
     <title>Meal Prep Weight Loss Recipes PDF Free Download</title>
     <description>Download Meal Prep Weight Loss Recipes PDF free - healthy meal prep guide. 100+ recipes for easy weight loss. Save time and eat healthy.</description>
     <ror:updatePeriod></ror:updatePeriod>
     <ror:sortOrder>1</ror:sortOrder>
     <ror:resourceOf>sitemap</ror:resourceOf>
</item>
<item>
     <link>https://freeebooks.online/mediterranean-diet-pdf/</link>
     <title>Mediterranean Diet PDF Free Download - Complete Guide</title>
     <description>Download Mediterranean Diet PDF free - complete guide to healthy eating. Proven diet for weight loss, heart health, and longevity. Free ebook.</description>
     <ror:updatePeriod></ror:updatePeriod>
     <ror:sortOrder>1</ror:sortOrder>
     <ror:resourceOf>sitemap</ror:resourceOf>
</item>
<item>
     <link>https://freeebooks.online/magic-weight-loss-pill-pdf/</link>
     <title>Magic Weight Loss Pill PDF Free Download - Dr. Kellyann</title>
     <description>Download Magic Weight Loss Pill PDF free - Dr. Kellyann Petrucci's bone broth diet. Natural weight loss solutions without pills. Free download.</description>
     <ror:updatePeriod></ror:updatePeriod>
     <ror:sortOrder>1</ror:sortOrder>
     <ror:resourceOf>sitemap</ror:resourceOf>
</item>
<item>
     <link>https://freeebooks.online/the-diabetes-code-pdf-free-download/</link>
     <title>The Diabetes Code PDF Free Download - Jason Fung Diabetes Book</title>
     <description>Download The Diabetes Code PDF free - Jason Fung's diabetes reversal book. Prevent and reverse type 2 diabetes with this treatment guide free download.</description>
     <ror:updatePeriod></ror:updatePeriod>
     <ror:sortOrder>1</ror:sortOrder>
     <ror:resourceOf>sitemap</ror:resourceOf>
</item>
<item>
     <link>https://freeebooks.online/the-obesity-code-pdf/</link>
     <title>The Obesity Code PDF Free Download - Jason Fung</title>
     <description>Download The Obesity Code PDF free - Jason Fung's obesity solution. Understand insulin's role in weight gain and how to reverse obesity.</description>
     <ror:updatePeriod></ror:updatePeriod>
     <ror:sortOrder>1</ror:sortOrder>
     <ror:resourceOf>sitemap</ror:resourceOf>
</item>
<item>
     <link>https://freeebooks.online/how-not-to-diet-21-tweaks/</link>
     <title>Instant Loss PDF Free Download - Brittany Williams Book</title>
     <description>Download Instant Loss PDF free - Brittany Williams' weight loss cookbook. 125+ recipes for quick weight loss. Transform your body with real food.</description>
     <ror:updatePeriod></ror:updatePeriod>
     <ror:sortOrder>1</ror:sortOrder>
     <ror:resourceOf>sitemap</ror:resourceOf>
</item>
<item>
     <link>https://freeebooks.online/joel-fuhrman-eat-to-live-book/</link>
     <title>Eat to Live Book PDF Free Download - Joel Fuhrman Nutrition</title>
     <description>Download Eat to Live Book PDF free - Joel Fuhrman's nutrition book. Plant-based diet for weight loss and optimal health. Free ebook download.</description>
     <ror:updatePeriod></ror:updatePeriod>
     <ror:sortOrder>1</ror:sortOrder>
     <ror:resourceOf>sitemap</ror:resourceOf>
</item>
<item>
     <link>https://freeebooks.online/the-complete-guide-to-fasting-jason-fung-pdf-free-download/</link>
     <title>The Complete Guide to Fasting PDF Free Download - Jason Fung Book</title>
     <description>Download The Complete Guide to Fasting PDF free - Jason Fung's fasting book for weight loss and health. Get this complete fasting guide free download.</description>
     <ror:updatePeriod></ror:updatePeriod>
     <ror:sortOrder>1</ror:sortOrder>
     <ror:resourceOf>sitemap</ror:resourceOf>
</item>
<item>
     <link>https://freeebooks.online/fast-feast-repeat-audiobook-free-download/</link>
     <title>Fast Feast Repeat Audiobook Free Download - Gin Stephens Book</title>
     <description>Download Fast Feast Repeat Audiobook free - Gin Stephens intermittent fasting guide. Complete fasting audiobook for weight loss and health benefits.</description>
     <ror:updatePeriod></ror:updatePeriod>
     <ror:sortOrder>1</ror:sortOrder>
     <ror:resourceOf>sitemap</ror:resourceOf>
</item>
<item>
     <link>https://freeebooks.online/eat-to-beat-your-diet-pdf-download/</link>
     <title>Eat to Beat Your Diet PDF Free Download - William Li Book</title>
     <description>Download Eat to Beat Your Diet PDF free - William Li's weight loss book. Burn fat with anti-inflammatory foods. Get this diet guide free download.</description>
     <ror:updatePeriod></ror:updatePeriod>
     <ror:sortOrder>1</ror:sortOrder>
     <ror:resourceOf>sitemap</ror:resourceOf>
</item>
<item>
     <link>https://freeebooks.online/the-galveston-diet-pdf/</link>
     <title>The Galveston Diet PDF Free Download - Dr. Mary Claire</title>
     <description>Download The Galveston Diet PDF free - Dr. Mary Claire Haver's menopause diet. Anti-inflammatory eating for hormonal balance and weight loss.</description>
     <ror:updatePeriod></ror:updatePeriod>
     <ror:sortOrder>1</ror:sortOrder>
     <ror:resourceOf>sitemap</ror:resourceOf>
</item>
<item>
     <link>https://freeebooks.online/instant-loss-pdf/</link>
     <title>Instant Loss PDF Free Download - Brittany Williams Book</title>
     <description>Download Instant Loss PDF free - Brittany Williams' weight loss cookbook. 125+ recipes for quick weight loss. Transform your body with real food.</description>
     <ror:updatePeriod></ror:updatePeriod>
     <ror:sortOrder>1</ror:sortOrder>
     <ror:resourceOf>sitemap</ror:resourceOf>
</item>
<item>
     <link>https://freeebooks.online/keto-continuum-pdf/</link>
     <title>Keto Continuum PDF Free Download - Ketogenic Diet Book</title>
     <description>Download Keto Continuum PDF free - complete ketogenic diet guide. Master keto for weight loss, energy, and metabolic health. Free ebook download.</description>
     <ror:updatePeriod></ror:updatePeriod>
     <ror:sortOrder>1</ror:sortOrder>
     <ror:resourceOf>sitemap</ror:resourceOf>
</item>
<item>
     <link>https://freeebooks.online/super-body/</link>
     <title>The Super Body PDF Free Download - Fitness Book</title>
     <description>Download The Super Body PDF free - ultimate fitness and nutrition guide. Build muscle, burn fat, and optimize health with science-based methods.</description>
     <ror:updatePeriod></ror:updatePeriod>
     <ror:sortOrder>1</ror:sortOrder>
     <ror:resourceOf>sitemap</ror:resourceOf>
</item>
</channel>
</rss>
  